{"cameraMode":{"drawMode":0,"name":"Shaded","section":"Shading Mode"},"sceneLighting":false,"audioPlay":false,"sceneViewState":{"m_AlwaysRefresh":false,"showFog":true,"showSkybox":false,"showFlares":true,"showImageEffects":true,"showParticleSystems":true,"showVisualEffectGraphs":true,"m_FxEnabled":true},"in2DMode":false,"pivot":{"x":8.410914421081543,"y":1.0598745346069337,"z":15.510248184204102},"rotation":{"x":-0.0021431611385196449,"y":-0.9978345632553101,"z":0.05093471333384514,"w":-0.042528484016656879},"size":1.4459072351455689,"orthographic":false}