{"cameraMode":{"drawMode":0,"name":"Shaded","section":"Shading Mode"},"sceneLighting":false,"audioPlay":false,"sceneViewState":{"m_AlwaysRefresh":false,"showFog":true,"showSkybox":false,"showFlares":true,"showImageEffects":true,"showParticleSystems":true,"showVisualEffectGraphs":true,"m_FxEnabled":true},"in2DMode":false,"pivot":{"x":-1.1920928955078126e-7,"y":0.8905433416366577,"z":-0.05767753720283508},"rotation":{"x":-0.09337684512138367,"y":-0.8957626223564148,"z":0.22492198646068574,"w":-0.3719820976257324},"size":1.4439538717269898,"orthographic":false}