{"cameraMode":{"drawMode":0,"name":"Shaded","section":"Shading Mode"},"sceneLighting":false,"audioPlay":false,"sceneViewState":{"m_AlwaysRefresh":false,"showFog":true,"showSkybox":false,"showFlares":true,"showImageEffects":true,"showParticleSystems":true,"showVisualEffectGraphs":true,"m_FxEnabled":true},"in2DMode":false,"pivot":{"x":4.172325134277344e-7,"y":0.8745878338813782,"z":-0.021138697862625123},"rotation":{"x":0.08472776412963867,"y":-0.9121085405349731,"z":0.2406810075044632,"w":0.3210064768791199},"size":1.3974510431289673,"orthographic":false}