{"cameraMode":{"drawMode":0,"name":"Shaded","section":"Shading Mode"},"sceneLighting":false,"audioPlay":false,"sceneViewState":{"m_AlwaysRefresh":false,"showFog":false,"showSkybox":false,"showFlares":false,"showImageEffects":false,"showParticleSystems":false,"showVisualEffectGraphs":true,"m_FxEnabled":true},"in2DMode":false,"pivot":{"x":0.045612603425979617,"y":1.3668521642684937,"z":1.1176588535308838},"rotation":{"x":0.00542181683704257,"y":-0.9880823493003845,"z":-0.03558307886123657,"w":-0.14993321895599366},"size":0.8372543454170227,"orthographic":false}