{"cameraMode":{"drawMode":0,"name":"Shaded","section":"Shading Mode"},"sceneLighting":true,"audioPlay":false,"sceneViewState":{"m_AlwaysRefresh":false,"showFog":true,"showSkybox":true,"showFlares":true,"showImageEffects":true,"showParticleSystems":true,"showVisualEffectGraphs":true,"m_FxEnabled":true},"in2DMode":false,"pivot":{"x":3.0819694995880129,"y":2.948577642440796,"z":12.282623291015625},"rotation":{"x":-0.03323667496442795,"y":0.8840790390968323,"z":-0.06380651146173477,"w":-0.46194157004356387},"size":0.04138555750250816,"orthographic":false}