{"cameraMode":{"drawMode":0,"name":"Shaded","section":"Shading Mode"},"sceneLighting":false,"audioPlay":false,"sceneViewState":{"m_AlwaysRefresh":false,"showFog":true,"showSkybox":false,"showFlares":true,"showImageEffects":true,"showParticleSystems":true,"showVisualEffectGraphs":true,"m_FxEnabled":true},"in2DMode":false,"pivot":{"x":0.004892945289611816,"y":0.941615104675293,"z":0.03463500738143921},"rotation":{"x":-0.008989183232188225,"y":0.9898511171340942,"z":-0.0728878602385521,"w":-0.12236197292804718},"size":1.5807629823684693,"orthographic":false}